{
  "collapse-filter": false,
  "search": "",
  "showTags": false,
  "showAttachments": false,
  "hideUnresolved": false,
  "showOrphans": false,
  "collapse-color-groups": false,
  "colorGroups": [
    {
      "query": "tag:#раздел/⚙  ",
      "color": {
        "a": 1,
        "rgb": 14701138
      }
    },
    {
      "query": "tag:#раздел/🔮  ",
      "color": {
        "a": 1,
        "rgb": 8400338
      }
    },
    {
      "query": "tag:#раздел/📃  ",
      "color": {
        "a": 1,
        "rgb": 11857981
      }
    }
  ],
  "collapse-display": false,
  "showArrow": true,
  "textFadeMultiplier": 0,
  "nodeSizeMultiplier": 1.88645833333333,
  "lineSizeMultiplier": 1.96302083333333,
  "collapse-forces": false,
  "centerStrength": 0.302083333333333,
  "repelStrength": 9.16666666666667,
  "linkStrength": 1,
  "linkDistance": 165,
  "scale": 0.32948735280320607,
  "close": true
}