{
  "editor:insert-wikilink": [
    {
      "modifiers": [
        "Alt"
      ],
      "key": "X"
    }
  ],
  "templater-obsidian:Templates/Idea.md": [
    {
      "modifiers": [
        "Alt",
        "Shift"
      ],
      "key": "I"
    }
  ],
  "templater-obsidian:Templates/alt md link.md": [
    {
      "modifiers": [
        "Alt",
        "Shift"
      ],
      "key": "A"
    }
  ],
  "templater-obsidian:Templates/md link.md": [
    {
      "modifiers": [
        "Alt",
        "Shift"
      ],
      "key": "K"
    }
  ],
  "templater-obsidian:Templates/Link.md": [
    {
      "modifiers": [
        "Alt",
        "Shift"
      ],
      "key": "L"
    }
  ],
  "templater-obsidian:Templates/Cite.md": [
    {
      "modifiers": [
        "Alt",
        "Shift"
      ],
      "key": "C"
    }
  ],
  "templater-obsidian:Templates/Bookmark.md": [
    {
      "modifiers": [
        "Alt",
        "Shift"
      ],
      "key": "B"
    }
  ],
  "workspace:goto-tab-1": [],
  "workspace:goto-tab-2": [],
  "workspace:goto-tab-3": [],
  "workspace:goto-tab-4": [],
  "workspace:goto-tab-6": [],
  "workspace:goto-tab-5": [],
  "workspace:goto-tab-7": [],
  "workspace:goto-tab-8": [],
  "insert-template": [
    {
      "modifiers": [
        "Mod"
      ],
      "key": "T"
    }
  ],
  "templater-obsidian:Templates/Project.md": [
    {
      "modifiers": [
        "Alt",
        "Shift"
      ],
      "key": "P"
    }
  ],
  "templater-obsidian:Templates/Task.md": [
    {
      "modifiers": [
        "Alt",
        "Shift"
      ],
      "key": "T"
    }
  ],
  "omnisearch:show-modal": [
    {
      "modifiers": [
        "Alt"
      ],
      "key": "O"
    },
    {
      "modifiers": [
        "Alt"
      ],
      "key": "'"
    }
  ],
  "theme:use-light": [
    {
      "modifiers": [
        "Mod",
        "Shift"
      ],
      "key": "W"
    }
  ],
  "obsidian-excalidraw-plugin:insert-link": [],
  "obsidian-excalidraw-plugin:insert-link-to-element": [],
  "workspace:close-window": [],
  "theme:use-dark": [
    {
      "modifiers": [
        "Mod",
        "Shift"
      ],
      "key": "D"
    }
  ],
  "app:reload": [
    {
      "modifiers": [
        "Mod"
      ],
      "key": "R"
    }
  ],
  "obsidian-outliner:indent-list": [
    {
      "modifiers": [
        "Mod",
        "Shift"
      ],
      "key": "ArrowRight"
    }
  ],
  "obsidian-outliner:outdent-list": [
    {
      "modifiers": [
        "Mod",
        "Shift"
      ],
      "key": "ArrowLeft"
    }
  ],
  "slides:start": [
    {
      "modifiers": [
        "Alt"
      ],
      "key": "W"
    }
  ],
  "theme:switch": [
    {
      "modifiers": [
        "Alt"
      ],
      "key": "T"
    }
  ],
  "editor:set-heading-3": [],
  "editor:set-heading-4": [],
  "editor:set-heading-5": [],
  "editor:set-heading-6": [],
  "workspace:new-tab": [],
  "random-structural-diary-plugin:create-questions-list": [
    {
      "modifiers": [
        "Ctrl",
        "Shift"
      ],
      "key": "R"
    }
  ],
  "editor:save-file": [],
  "obsidian-paste-to-current-indentation:paste-in-mode-interactive": [
    {
      "modifiers": [
        "Alt",
        "Shift"
      ],
      "key": "V"
    }
  ],
  "obsidian-outliner:move-list-item-down": [
    {
      "modifiers": [
        "Mod",
        "Shift"
      ],
      "key": "ArrowDown"
    }
  ],
  "obsidian-outliner:move-list-item-up": [
    {
      "modifiers": [
        "Mod",
        "Shift"
      ],
      "key": "ArrowUp"
    }
  ],
  "editor:swap-line-down": [
    {
      "modifiers": [
        "Alt",
        "Ctrl"
      ],
      "key": "ArrowDown"
    }
  ],
  "editor:swap-line-up": [
    {
      "modifiers": [
        "Alt",
        "Ctrl"
      ],
      "key": "ArrowUp"
    }
  ],
  "templater-obsidian:insert-templater": [
    {
      "modifiers": [
        "Alt"
      ],
      "key": "E"
    }
  ],
  "workspace:toggle-stacked-tabs": [
    {
      "modifiers": [
        "Alt"
      ],
      "key": "S"
    }
  ],
  "hotkeysplus-obsidian:better-toggle-todo": [
    {
      "modifiers": [
        "Ctrl"
      ],
      "key": "M"
    }
  ],
  "editing-toolbar:header0-text": [],
  "obsidian-excalidraw-plugin:save": [],
  "app:toggle-left-sidebar": [
    {
      "modifiers": [
        "Alt",
        "Mod"
      ],
      "key": "L"
    }
  ],
  "app:toggle-right-sidebar": [
    {
      "modifiers": [
        "Alt",
        "Mod"
      ],
      "key": "R"
    }
  ],
  "obsidian-timestamper:obsidian-fast-timestamp": [
    {
      "modifiers": [
        "Ctrl"
      ],
      "key": "T"
    }
  ],
  "templater-obsidian:Templates/Time.md": [
    {
      "modifiers": [
        "Ctrl"
      ],
      "key": "T"
    }
  ],
  "templater-obsidian:Шаблоны/Cite.md": [
    {
      "modifiers": [
        "Alt",
        "Shift"
      ],
      "key": "C"
    }
  ],
  "file-explorer:move-file": [
    {
      "modifiers": [
        "Mod"
      ],
      "key": "M"
    }
  ],
  "templater-obsidian:Шаблоны/alt md link.md": [
    {
      "modifiers": [
        "Alt",
        "Shift"
      ],
      "key": "A"
    }
  ],
  "templater-obsidian:Шаблоны/md link.md": [
    {
      "modifiers": [
        "Alt",
        "Shift"
      ],
      "key": "K"
    }
  ],
  "obsidian-git:push": [
    {
      "modifiers": [
        "Mod",
        "Shift"
      ],
      "key": "P"
    }
  ],
  "obsidian-git:push2": [
    {
      "modifiers": [
        "Alt",
        "Mod",
        "Shift"
      ],
      "key": "P"
    }
  ]
}